drop table t_proj_privilege;

alter table t_sys_msg drop column user_role;

alter table t_user_basic drop column role;

alter table t_proj_role add proj_id bigint(20) comment '项目id';
alter table t_proj_role add status varchar(8) comment '启用状态';
alter table t_proj_role add sort_weight int(11) comment '排序权重';
alter table t_proj_role add home_url varchar(255) comment '主页url';
alter table t_proj_role add del_disabled tinyint(4) comment '禁止删除';

alter table t_privilege add img_url varchar(255) comment '扩展图片url';
alter table t_privilege add scope varchar(16) comment '适用范围';
update t_privilege set scope = 'user';
INSERT INTO `t_privilege` (`id`, `create_date`, `modify_date`, `name`, `code`, `url`, `type`, `parent_id`, `permission`, `status`, `access_verify`, `sort_weight`, `dis_position`, `icon_class`, `description`, `scope`) VALUES ('58', '2017-09-03 16:33:49', '2017-09-03 16:33:49', '系统项目角色', '0206', 'admin/proj/role/list.htm', 'menu', '51', 'projRoleMgr:list', 'on', '1', '6', 'none', 'fa fa-address-card-o', NULL, 'user');
INSERT INTO `t_privilege` (`id`, `create_date`, `modify_date`, `name`, `code`, `url`, `type`, `parent_id`, `permission`, `status`, `access_verify`, `sort_weight`, `dis_position`, `icon_class`, `description`, `scope`) VALUES ('59', '2017-09-03 16:33:49', '2017-09-03 16:33:49', '【系统项目角色权限设置】', '', 'admin/proj/role/forwardPrivSet.htm', 'page', '58', 'projRoleMgr:forwardPrivSet', 'on', '1', '999', 'none', 'fa fa-hourglass-start', NULL, 'user');
INSERT INTO `t_privilege` (`id`, `create_date`, `modify_date`, `name`, `code`, `url`, `type`, `parent_id`, `permission`, `status`, `access_verify`, `sort_weight`, `dis_position`, `icon_class`, `description`, `scope`) VALUES ('451', '2017-09-05 10:26:13', '2017-09-05 10:26:15', '项目基本信息', '10', 'auth/proj/info.htm', 'menu', NULL, 'projInfo:info', 'on', '1', '1', 'none', 'fa fa-info-circle', NULL, 'proj');
INSERT INTO `t_privilege` (`id`, `create_date`, `modify_date`, `name`, `code`, `url`, `type`, `parent_id`, `permission`, `status`, `access_verify`, `sort_weight`, `dis_position`, `icon_class`, `description`, `scope`) VALUES ('452', '2017-09-07 15:04:54', '2017-09-07 15:04:57', '项目基本信息-编辑', '1001', 'auth/proj/json/update.htm', 'oper', '451', 'projInfo:update', 'on', '1', '1', 'none', '', NULL, 'proj');
INSERT INTO `t_privilege` (`id`, `create_date`, `modify_date`, `name`, `code`, `url`, `type`, `parent_id`, `permission`, `status`, `access_verify`, `sort_weight`, `dis_position`, `icon_class`, `description`, `scope`) VALUES ('501', '2017-09-05 10:30:58', '2017-09-05 10:31:01', '项目成员', '11', 'auth/proj/mem/list.htm', 'menu', NULL, 'projMem:list', 'on', '1', '2', 'none', 'fa fa-users', NULL, 'proj');
INSERT INTO `t_privilege` (`id`, `create_date`, `modify_date`, `name`, `code`, `url`, `type`, `parent_id`, `permission`, `status`, `access_verify`, `sort_weight`, `dis_position`, `icon_class`, `description`, `scope`) VALUES ('502', '2017-09-07 15:27:17', '2017-09-07 15:27:20', '项目成员-邀请', '1101', 'auth/proj/mem/listForAdd.htm', 'page', '501', 'projMem:listForAdd', 'on', '1', '1', 'none', '', NULL, 'proj');
INSERT INTO `t_privilege` (`id`, `create_date`, `modify_date`, `name`, `code`, `url`, `type`, `parent_id`, `permission`, `status`, `access_verify`, `sort_weight`, `dis_position`, `icon_class`, `description`, `scope`) VALUES ('503', '2017-09-07 15:28:01', '2017-09-07 15:28:03', '项目成员-编辑', '1102', 'auth/proj/mem/json/update.htm', 'oper', '501', 'projMem:update', 'on', '1', '2', 'none', '', NULL, 'proj');
INSERT INTO `t_privilege` (`id`, `create_date`, `modify_date`, `name`, `code`, `url`, `type`, `parent_id`, `permission`, `status`, `access_verify`, `sort_weight`, `dis_position`, `icon_class`, `description`, `scope`) VALUES ('504', '2017-09-07 15:29:06', '2017-09-07 15:29:08', '项目成员-删除', '1103', 'auth/proj/mem/json/del.htm', 'oper', '501', 'projMem:del', 'on', '1', '3', 'none', '', NULL, 'proj');
INSERT INTO `t_privilege` (`id`, `create_date`, `modify_date`, `name`, `code`, `url`, `type`, `parent_id`, `permission`, `status`, `access_verify`, `sort_weight`, `dis_position`, `icon_class`, `description`, `scope`) VALUES ('505', '2017-09-07 15:30:27', '2017-09-07 15:30:29', '项目成员-添加', '1104', 'auth/proj/mem/json/add.htm', 'oper', '501', 'projMem:add', 'on', '1', '4', 'none', '', NULL, 'proj');
INSERT INTO `t_privilege` (`id`, `create_date`, `modify_date`, `name`, `code`, `url`, `type`, `parent_id`, `permission`, `status`, `access_verify`, `sort_weight`, `dis_position`, `icon_class`, `description`, `scope`) VALUES ('551', '2017-09-05 10:32:02', '2017-09-05 10:32:05', '文档视图', '12', 'auth/doc/view/list.htm', 'menu', NULL, 'docView:list', 'on', '1', '3', 'none', 'fa fa-camera', NULL, 'proj');
INSERT INTO `t_privilege` (`id`, `create_date`, `modify_date`, `name`, `code`, `url`, `type`, `parent_id`, `permission`, `status`, `access_verify`, `sort_weight`, `dis_position`, `icon_class`, `description`, `scope`) VALUES ('552', '2017-09-07 15:20:14', '2017-09-07 15:20:16', '文档视图-视图配置', '1201', 'auth/doc/view/forwardResSet.htm', 'page', '551', 'docView:forwardResSet', 'on', '1', '1', 'none', '', NULL, 'proj');
INSERT INTO `t_privilege` (`id`, `create_date`, `modify_date`, `name`, `code`, `url`, `type`, `parent_id`, `permission`, `status`, `access_verify`, `sort_weight`, `dis_position`, `icon_class`, `description`, `scope`) VALUES ('553', '2017-09-07 15:22:22', '2017-09-07 15:22:25', '文档视图-新增', '1202', 'auth/doc/view/json/add.htm', 'oper', '551', 'docView:add', 'on', '1', '2', 'none', '', NULL, 'proj');
INSERT INTO `t_privilege` (`id`, `create_date`, `modify_date`, `name`, `code`, `url`, `type`, `parent_id`, `permission`, `status`, `access_verify`, `sort_weight`, `dis_position`, `icon_class`, `description`, `scope`) VALUES ('554', '2017-09-07 15:23:05', '2017-09-07 15:23:07', '文档视图-编辑', '1203', 'auth/doc/view/json/update.htm', 'oper', '551', 'docView:update', 'on', '1', '3', 'none', '', NULL, 'proj');
INSERT INTO `t_privilege` (`id`, `create_date`, `modify_date`, `name`, `code`, `url`, `type`, `parent_id`, `permission`, `status`, `access_verify`, `sort_weight`, `dis_position`, `icon_class`, `description`, `scope`) VALUES ('555', '2017-09-07 15:23:41', '2017-09-07 15:23:43', '文档视图-删除', '1204', 'auth/doc/view/json/del.htm', 'oper', '551', 'docView:del', 'on', '1', '4', 'none', '', NULL, 'proj');
INSERT INTO `t_privilege` (`id`, `create_date`, `modify_date`, `name`, `code`, `url`, `type`, `parent_id`, `permission`, `status`, `access_verify`, `sort_weight`, `dis_position`, `icon_class`, `description`, `scope`) VALUES ('601', '2017-09-05 10:33:06', '2017-09-05 10:33:09', '变更通知', '13', 'auth/proj/mem/forwardSendNotice.htm', 'menu', NULL, 'projMem:forwardSendNotice', 'on', '1', '4', 'none', 'fa fa-envelope-o', NULL, 'proj');
INSERT INTO `t_privilege` (`id`, `create_date`, `modify_date`, `name`, `code`, `url`, `type`, `parent_id`, `permission`, `status`, `access_verify`, `sort_weight`, `dis_position`, `icon_class`, `description`, `scope`) VALUES ('651', '2017-09-05 10:33:50', '2017-09-05 10:33:52', '变更历史', '14', 'auth/proj/log/list.htm', 'menu', NULL, 'projLog:list', 'on', '1', '5', 'none', 'fa fa-calendar', NULL, 'proj');
INSERT INTO `t_privilege` (`id`, `create_date`, `modify_date`, `name`, `code`, `url`, `type`, `parent_id`, `permission`, `status`, `access_verify`, `sort_weight`, `dis_position`, `icon_class`, `description`, `scope`) VALUES ('652', '2017-09-07 15:11:24', '2017-09-07 15:11:26', '变更历史-新增', '1401', 'auth/proj/log/forwardAddLog.htm', 'oper', '651', 'projLog:forwardAddLog', 'on', '1', '1', 'none', '', NULL, 'proj');
INSERT INTO `t_privilege` (`id`, `create_date`, `modify_date`, `name`, `code`, `url`, `type`, `parent_id`, `permission`, `status`, `access_verify`, `sort_weight`, `dis_position`, `icon_class`, `description`, `scope`) VALUES ('653', '2017-09-07 15:17:04', '2017-09-07 15:17:07', '变更历史-删除', '1402', 'auth/proj/log/json/del.htm', 'oper', '651', 'projLog:del', 'on', '1', '2', 'none', '', NULL, 'proj');
INSERT INTO `t_privilege` (`id`, `create_date`, `modify_date`, `name`, `code`, `url`, `type`, `parent_id`, `permission`, `status`, `access_verify`, `sort_weight`, `dis_position`, `icon_class`, `description`, `scope`) VALUES ('701', '2017-09-05 10:35:55', '2017-09-05 10:35:57', '接口管理', '15', 'auth/doc/inter/tree/list.htm', 'menu', NULL, 'docInterTree:list', 'on', '1', '6', 'none', 'fa fa-table', NULL, 'proj');
INSERT INTO `t_privilege` (`id`, `create_date`, `modify_date`, `name`, `code`, `url`, `type`, `parent_id`, `permission`, `status`, `access_verify`, `sort_weight`, `dis_position`, `icon_class`, `description`, `scope`) VALUES ('702', '2017-09-06 16:05:32', '2017-09-06 16:05:34', '文档设置-保存', '1501', 'auth/doc/json/update.htm', 'oper', '701', 'docInfo:update', 'on', '1', '1', 'none', '', NULL, 'proj');
INSERT INTO `t_privilege` (`id`, `create_date`, `modify_date`, `name`, `code`, `url`, `type`, `parent_id`, `permission`, `status`, `access_verify`, `sort_weight`, `dis_position`, `icon_class`, `description`, `scope`) VALUES ('703', '2017-09-06 16:11:52', '2017-09-06 16:11:53', '请求基路径-保存', '1502', 'auth/doc/env/json/add.htm', 'oper', '701', 'docEnv:add', 'on', '1', '2', 'none', '', NULL, 'proj');
INSERT INTO `t_privilege` (`id`, `create_date`, `modify_date`, `name`, `code`, `url`, `type`, `parent_id`, `permission`, `status`, `access_verify`, `sort_weight`, `dis_position`, `icon_class`, `description`, `scope`) VALUES ('704', '2017-09-06 16:13:52', '2017-09-06 16:13:55', '公共请求参数-保存', '1503', 'auth/doc/common/param/json/add.htm', 'oper', '701', 'docCommonParam:add', 'on', '1', '3', 'none', '', NULL, 'proj');
INSERT INTO `t_privilege` (`id`, `create_date`, `modify_date`, `name`, `code`, `url`, `type`, `parent_id`, `permission`, `status`, `access_verify`, `sort_weight`, `dis_position`, `icon_class`, `description`, `scope`) VALUES ('705', '2017-09-07 11:33:46', '2017-09-07 11:33:49', '模块-新增', '1504', 'auth/doc/module/json/add.htm', 'oper', '701', 'docModule:add', 'on', '1', '4', 'none', '', NULL, 'proj');
INSERT INTO `t_privilege` (`id`, `create_date`, `modify_date`, `name`, `code`, `url`, `type`, `parent_id`, `permission`, `status`, `access_verify`, `sort_weight`, `dis_position`, `icon_class`, `description`, `scope`) VALUES ('706', '2017-09-07 11:34:45', '2017-09-07 11:34:47', '模块-编辑', '1505', 'auth/doc/module/json/update.htm', 'oper', '701', 'docModule:update', 'on', '1', '5', 'none', '', NULL, 'proj');
INSERT INTO `t_privilege` (`id`, `create_date`, `modify_date`, `name`, `code`, `url`, `type`, `parent_id`, `permission`, `status`, `access_verify`, `sort_weight`, `dis_position`, `icon_class`, `description`, `scope`) VALUES ('707', '2017-09-07 11:35:29', '2017-09-07 11:35:31', '返回码-新增', '1506', 'auth/doc/code/json/add.htm', 'oper', '701', 'docCode:add', 'on', '1', '6', 'none', '', NULL, 'proj');
INSERT INTO `t_privilege` (`id`, `create_date`, `modify_date`, `name`, `code`, `url`, `type`, `parent_id`, `permission`, `status`, `access_verify`, `sort_weight`, `dis_position`, `icon_class`, `description`, `scope`) VALUES ('708', '2017-09-07 11:37:17', '2017-09-07 11:37:19', '返回码-编辑', '1507', 'auth/doc/code/json/update.htm', 'oper', '701', 'docCode:update', 'on', '1', '7', 'none', '', NULL, 'proj');
INSERT INTO `t_privilege` (`id`, `create_date`, `modify_date`, `name`, `code`, `url`, `type`, `parent_id`, `permission`, `status`, `access_verify`, `sort_weight`, `dis_position`, `icon_class`, `description`, `scope`) VALUES ('709', '2017-09-07 14:51:11', '2017-09-07 14:51:14', '接口树-查看', '1508', 'auth/doc/inter/tree/json/load.htm', 'oper', '701', 'interTree:load', 'on', '1', '8', 'none', '', NULL, 'proj');
INSERT INTO `t_privilege` (`id`, `create_date`, `modify_date`, `name`, `code`, `url`, `type`, `parent_id`, `permission`, `status`, `access_verify`, `sort_weight`, `dis_position`, `icon_class`, `description`, `scope`) VALUES ('710', '2017-09-07 14:52:09', '2017-09-07 14:52:11', '接口树-排序', '1509', 'auth/doc/inter/tree/json/sort.htm', 'oper', '701', 'interTree:sort', 'on', '1', '9', 'none', '', NULL, 'proj');
INSERT INTO `t_privilege` (`id`, `create_date`, `modify_date`, `name`, `code`, `url`, `type`, `parent_id`, `permission`, `status`, `access_verify`, `sort_weight`, `dis_position`, `icon_class`, `description`, `scope`) VALUES ('711', '2017-09-07 14:52:55', '2017-09-07 14:52:57', '接口树-删除节点', '1510', 'auth/doc/inter/tree/json/del.htm', 'oper', '701', 'interTree:del', 'on', '1', '10', 'none', '', NULL, 'proj');
INSERT INTO `t_privilege` (`id`, `create_date`, `modify_date`, `name`, `code`, `url`, `type`, `parent_id`, `permission`, `status`, `access_verify`, `sort_weight`, `dis_position`, `icon_class`, `description`, `scope`) VALUES ('712', '2017-09-07 14:54:34', '2017-09-07 14:54:36', '接口-查看', '1511', 'auth/doc/inter/json/detailInfo.htm', 'oper', '701', 'inter:detailInfo', 'on', '1', '11', 'none', '', NULL, 'proj');
INSERT INTO `t_privilege` (`id`, `create_date`, `modify_date`, `name`, `code`, `url`, `type`, `parent_id`, `permission`, `status`, `access_verify`, `sort_weight`, `dis_position`, `icon_class`, `description`, `scope`) VALUES ('713', '2017-09-07 14:56:27', '2017-09-07 14:56:29', '接口-新增', '1512', 'auth/doc/inter/json/addDetail.htm', 'oper', '701', 'inter:addDetail', 'on', '1', '12', 'none', '', NULL, 'proj');
INSERT INTO `t_privilege` (`id`, `create_date`, `modify_date`, `name`, `code`, `url`, `type`, `parent_id`, `permission`, `status`, `access_verify`, `sort_weight`, `dis_position`, `icon_class`, `description`, `scope`) VALUES ('714', '2017-09-07 14:57:17', '2017-09-07 14:57:19', '接口-编辑', '1513', 'auth/doc/inter/json/updateDetail.htm', 'oper', '701', 'inter:updateDetail', 'on', '1', '13', 'none', '', NULL, 'proj');
INSERT INTO `t_privilege` (`id`, `create_date`, `modify_date`, `name`, `code`, `url`, `type`, `parent_id`, `permission`, `status`, `access_verify`, `sort_weight`, `dis_position`, `icon_class`, `description`, `scope`) VALUES ('751', '2017-09-05 10:36:42', '2017-09-05 10:36:44', '数据结构', '16', 'auth/doc/schema/list.htm', 'menu', NULL, 'docSchema:list', 'on', '1', '7', 'none', 'fa fa-object-group', NULL, 'proj');
INSERT INTO `t_privilege` (`id`, `create_date`, `modify_date`, `name`, `code`, `url`, `type`, `parent_id`, `permission`, `status`, `access_verify`, `sort_weight`, `dis_position`, `icon_class`, `description`, `scope`) VALUES ('752', '2017-09-07 15:07:40', '2017-09-07 15:07:43', '数据结构-新增', '1601', 'auth/doc/schema/json/add.htm', 'oper', '751', 'docSchema:add', 'on', '1', '1', 'none', '', NULL, 'proj');
INSERT INTO `t_privilege` (`id`, `create_date`, `modify_date`, `name`, `code`, `url`, `type`, `parent_id`, `permission`, `status`, `access_verify`, `sort_weight`, `dis_position`, `icon_class`, `description`, `scope`) VALUES ('753', '2017-09-07 15:08:34', '2017-09-07 15:08:36', '数据结构-删除', '1602', 'auth/doc/schema/json/del.htm', 'oper', '751', 'docSchema:del', 'on', '1', '2', 'none', '', NULL, 'proj');
INSERT INTO `t_privilege` (`id`, `create_date`, `modify_date`, `name`, `code`, `url`, `type`, `parent_id`, `permission`, `status`, `access_verify`, `sort_weight`, `dis_position`, `icon_class`, `description`, `scope`) VALUES ('754', '2017-09-07 15:09:21', '2017-09-07 15:09:24', '数据结构-编辑', '1603', 'auth/doc/schema/json/update.htm', 'oper', '751', 'docSchema:update', 'on', '1', '3', 'none', '', NULL, 'proj');
INSERT INTO `t_privilege` (`id`, `create_date`, `modify_date`, `name`, `code`, `url`, `type`, `parent_id`, `permission`, `status`, `access_verify`, `sort_weight`, `dis_position`, `icon_class`, `description`, `scope`) VALUES ('755', '2017-09-07 15:10:02', '2017-09-07 15:10:07', '数据结构-复制', '1604', 'auth/doc/schema/json/copy.htm', 'oper', '751', 'docSchema:copy', 'on', '1', '4', 'none', '', NULL, 'proj');
INSERT INTO `t_privilege` (`id`, `create_date`, `modify_date`, `name`, `code`, `url`, `type`, `parent_id`, `permission`, `status`, `access_verify`, `sort_weight`, `dis_position`, `icon_class`, `description`, `scope`, `img_url`) VALUES ('801', '2017-09-03 16:33:49', '2017-09-03 16:33:49', '项目角色', '17', 'auth/proj/role/list.htm', 'menu', NULL, 'projRole:list', 'on', '1', '8', 'none', 'fa fa-address-card-o', NULL, 'proj', NULL);
INSERT INTO `t_privilege` (`id`, `create_date`, `modify_date`, `name`, `code`, `url`, `type`, `parent_id`, `permission`, `status`, `access_verify`, `sort_weight`, `dis_position`, `icon_class`, `description`, `scope`, `img_url`) VALUES ('802', '2017-09-03 16:33:49', '2017-09-03 16:33:49', '【项目角色权限设置】', '1701', 'auth/proj/role/forwardPrivSet.htm', 'page', '801', 'projRole:forwardPrivSet', 'on', '1', '999', 'none', 'fa fa-hourglass-start', NULL, 'proj', NULL);
INSERT INTO `t_privilege` (`id`, `create_date`, `modify_date`, `name`, `code`, `url`, `type`, `parent_id`, `permission`, `status`, `access_verify`, `sort_weight`, `dis_position`, `icon_class`, `description`, `scope`, `img_url`) VALUES ('453', '2017-09-12 10:52:21', '2017-09-12 10:52:23', '删除项目', '1002', '/auth/proj/json/del.htm', 'oper', '451', 'projInfo:del', 'on', '1', '1', 'none', '', NULL, 'proj', NULL);
INSERT INTO `t_privilege` (`id`, `create_date`, `modify_date`, `name`, `code`, `url`, `type`, `parent_id`, `permission`, `status`, `access_verify`, `sort_weight`, `dis_position`, `icon_class`, `description`, `scope`, `img_url`) VALUES ('454', '2017-09-12 10:53:41', '2017-09-12 10:53:42', '复制项目', '1003', '/auth/proj/json/copy.htm', 'oper', '451', 'projInfo:copy', 'on', '1', '1', 'none', '', NULL, 'proj', NULL);
INSERT INTO `t_privilege` (`id`, `create_date`, `modify_date`, `name`, `code`, `url`, `type`, `parent_id`, `permission`, `status`, `access_verify`, `sort_weight`, `dis_position`, `icon_class`, `description`, `scope`, `img_url`) VALUES ('715', '2017-09-12 14:40:07', '2017-09-12 14:40:10', '分享设置', '1514', 'auth/doc/json/updateShareInfo.htm', 'oper', '701', 'docShare:update', 'on', '1', '14', 'none', '', NULL, 'proj', NULL);

INSERT INTO `t_role_privilege` (`create_date`, `modify_date`, `role_id`, `privilege_id`) VALUES ('2017-09-18 17:41:39', '2017-09-18 17:41:39', '1', '58');
INSERT INTO `t_role_privilege` (`create_date`, `modify_date`, `role_id`, `privilege_id`) VALUES ('2017-09-18 17:41:39', '2017-09-18 17:41:39', '1', '59');

update t_inter_param set ref_schema_id = null where type <> 'sys_ref';

update t_proj_mem set proj_role_id = 1 where role = 'admin';
update t_proj_mem set proj_role_id = 2 where role = 'guest';
update t_proj_mem set proj_role_id = 3 where role = 'viewer';

INSERT INTO `t_proj_role` (`id`, `create_date`, `modify_date`, `code`, `name`, `description`, `proj_id`, `status`, `sort_weight`, `home_url`, `del_disabled`) VALUES ('1', '2017-09-10 18:45:55', '2017-09-10 18:45:55', 'admin', '管理员', '', NULL, 'on', '1', '', '0');
INSERT INTO `t_proj_role` (`id`, `create_date`, `modify_date`, `code`, `name`, `description`, `proj_id`, `status`, `sort_weight`, `home_url`, `del_disabled`) VALUES ('2', '2017-09-10 18:46:11', '2017-09-10 18:46:11', 'guest', '访客', '', NULL, 'on', '2', '', '0');
INSERT INTO `t_proj_role` (`id`, `create_date`, `modify_date`, `code`, `name`, `description`, `proj_id`, `status`, `sort_weight`, `home_url`, `del_disabled`) VALUES ('3', '2017-09-10 18:48:39', '2017-09-10 18:49:07', 'demo', 'demo', '', NULL, 'on', '3', '', '0');

INSERT INTO `t_proj_role_privilege` (`id`, `create_date`, `modify_date`, `proj_role_id`, `proj_privilege_id`) VALUES ('1', '2017-09-18 17:47:10', '2017-09-18 17:47:10', '1', '451');
INSERT INTO `t_proj_role_privilege` (`id`, `create_date`, `modify_date`, `proj_role_id`, `proj_privilege_id`) VALUES ('2', '2017-09-18 17:47:10', '2017-09-18 17:47:10', '1', '454');
INSERT INTO `t_proj_role_privilege` (`id`, `create_date`, `modify_date`, `proj_role_id`, `proj_privilege_id`) VALUES ('3', '2017-09-18 17:47:10', '2017-09-18 17:47:10', '1', '453');
INSERT INTO `t_proj_role_privilege` (`id`, `create_date`, `modify_date`, `proj_role_id`, `proj_privilege_id`) VALUES ('4', '2017-09-18 17:47:10', '2017-09-18 17:47:10', '1', '452');
INSERT INTO `t_proj_role_privilege` (`id`, `create_date`, `modify_date`, `proj_role_id`, `proj_privilege_id`) VALUES ('5', '2017-09-18 17:47:10', '2017-09-18 17:47:10', '1', '501');
INSERT INTO `t_proj_role_privilege` (`id`, `create_date`, `modify_date`, `proj_role_id`, `proj_privilege_id`) VALUES ('6', '2017-09-18 17:47:10', '2017-09-18 17:47:10', '1', '502');
INSERT INTO `t_proj_role_privilege` (`id`, `create_date`, `modify_date`, `proj_role_id`, `proj_privilege_id`) VALUES ('7', '2017-09-18 17:47:10', '2017-09-18 17:47:10', '1', '503');
INSERT INTO `t_proj_role_privilege` (`id`, `create_date`, `modify_date`, `proj_role_id`, `proj_privilege_id`) VALUES ('8', '2017-09-18 17:47:10', '2017-09-18 17:47:10', '1', '504');
INSERT INTO `t_proj_role_privilege` (`id`, `create_date`, `modify_date`, `proj_role_id`, `proj_privilege_id`) VALUES ('9', '2017-09-18 17:47:10', '2017-09-18 17:47:10', '1', '505');
INSERT INTO `t_proj_role_privilege` (`id`, `create_date`, `modify_date`, `proj_role_id`, `proj_privilege_id`) VALUES ('10', '2017-09-18 17:47:10', '2017-09-18 17:47:10', '1', '551');
INSERT INTO `t_proj_role_privilege` (`id`, `create_date`, `modify_date`, `proj_role_id`, `proj_privilege_id`) VALUES ('11', '2017-09-18 17:47:10', '2017-09-18 17:47:10', '1', '552');
INSERT INTO `t_proj_role_privilege` (`id`, `create_date`, `modify_date`, `proj_role_id`, `proj_privilege_id`) VALUES ('12', '2017-09-18 17:47:10', '2017-09-18 17:47:10', '1', '553');
INSERT INTO `t_proj_role_privilege` (`id`, `create_date`, `modify_date`, `proj_role_id`, `proj_privilege_id`) VALUES ('13', '2017-09-18 17:47:10', '2017-09-18 17:47:10', '1', '554');
INSERT INTO `t_proj_role_privilege` (`id`, `create_date`, `modify_date`, `proj_role_id`, `proj_privilege_id`) VALUES ('14', '2017-09-18 17:47:10', '2017-09-18 17:47:10', '1', '555');
INSERT INTO `t_proj_role_privilege` (`id`, `create_date`, `modify_date`, `proj_role_id`, `proj_privilege_id`) VALUES ('15', '2017-09-18 17:47:10', '2017-09-18 17:47:10', '1', '601');
INSERT INTO `t_proj_role_privilege` (`id`, `create_date`, `modify_date`, `proj_role_id`, `proj_privilege_id`) VALUES ('16', '2017-09-18 17:47:10', '2017-09-18 17:47:10', '1', '651');
INSERT INTO `t_proj_role_privilege` (`id`, `create_date`, `modify_date`, `proj_role_id`, `proj_privilege_id`) VALUES ('17', '2017-09-18 17:47:10', '2017-09-18 17:47:10', '1', '652');
INSERT INTO `t_proj_role_privilege` (`id`, `create_date`, `modify_date`, `proj_role_id`, `proj_privilege_id`) VALUES ('18', '2017-09-18 17:47:10', '2017-09-18 17:47:10', '1', '653');
INSERT INTO `t_proj_role_privilege` (`id`, `create_date`, `modify_date`, `proj_role_id`, `proj_privilege_id`) VALUES ('19', '2017-09-18 17:47:10', '2017-09-18 17:47:10', '1', '701');
INSERT INTO `t_proj_role_privilege` (`id`, `create_date`, `modify_date`, `proj_role_id`, `proj_privilege_id`) VALUES ('20', '2017-09-18 17:47:10', '2017-09-18 17:47:10', '1', '702');
INSERT INTO `t_proj_role_privilege` (`id`, `create_date`, `modify_date`, `proj_role_id`, `proj_privilege_id`) VALUES ('21', '2017-09-18 17:47:10', '2017-09-18 17:47:10', '1', '703');
INSERT INTO `t_proj_role_privilege` (`id`, `create_date`, `modify_date`, `proj_role_id`, `proj_privilege_id`) VALUES ('22', '2017-09-18 17:47:10', '2017-09-18 17:47:10', '1', '704');
INSERT INTO `t_proj_role_privilege` (`id`, `create_date`, `modify_date`, `proj_role_id`, `proj_privilege_id`) VALUES ('23', '2017-09-18 17:47:10', '2017-09-18 17:47:10', '1', '705');
INSERT INTO `t_proj_role_privilege` (`id`, `create_date`, `modify_date`, `proj_role_id`, `proj_privilege_id`) VALUES ('24', '2017-09-18 17:47:10', '2017-09-18 17:47:10', '1', '706');
INSERT INTO `t_proj_role_privilege` (`id`, `create_date`, `modify_date`, `proj_role_id`, `proj_privilege_id`) VALUES ('25', '2017-09-18 17:47:10', '2017-09-18 17:47:10', '1', '707');
INSERT INTO `t_proj_role_privilege` (`id`, `create_date`, `modify_date`, `proj_role_id`, `proj_privilege_id`) VALUES ('26', '2017-09-18 17:47:10', '2017-09-18 17:47:10', '1', '708');
INSERT INTO `t_proj_role_privilege` (`id`, `create_date`, `modify_date`, `proj_role_id`, `proj_privilege_id`) VALUES ('27', '2017-09-18 17:47:10', '2017-09-18 17:47:10', '1', '709');
INSERT INTO `t_proj_role_privilege` (`id`, `create_date`, `modify_date`, `proj_role_id`, `proj_privilege_id`) VALUES ('28', '2017-09-18 17:47:10', '2017-09-18 17:47:10', '1', '710');
INSERT INTO `t_proj_role_privilege` (`id`, `create_date`, `modify_date`, `proj_role_id`, `proj_privilege_id`) VALUES ('29', '2017-09-18 17:47:10', '2017-09-18 17:47:10', '1', '711');
INSERT INTO `t_proj_role_privilege` (`id`, `create_date`, `modify_date`, `proj_role_id`, `proj_privilege_id`) VALUES ('30', '2017-09-18 17:47:10', '2017-09-18 17:47:10', '1', '712');
INSERT INTO `t_proj_role_privilege` (`id`, `create_date`, `modify_date`, `proj_role_id`, `proj_privilege_id`) VALUES ('31', '2017-09-18 17:47:10', '2017-09-18 17:47:10', '1', '713');
INSERT INTO `t_proj_role_privilege` (`id`, `create_date`, `modify_date`, `proj_role_id`, `proj_privilege_id`) VALUES ('32', '2017-09-18 17:47:10', '2017-09-18 17:47:10', '1', '714');
INSERT INTO `t_proj_role_privilege` (`id`, `create_date`, `modify_date`, `proj_role_id`, `proj_privilege_id`) VALUES ('33', '2017-09-18 17:47:10', '2017-09-18 17:47:10', '1', '715');
INSERT INTO `t_proj_role_privilege` (`id`, `create_date`, `modify_date`, `proj_role_id`, `proj_privilege_id`) VALUES ('34', '2017-09-18 17:47:10', '2017-09-18 17:47:10', '1', '751');
INSERT INTO `t_proj_role_privilege` (`id`, `create_date`, `modify_date`, `proj_role_id`, `proj_privilege_id`) VALUES ('35', '2017-09-18 17:47:10', '2017-09-18 17:47:10', '1', '752');
INSERT INTO `t_proj_role_privilege` (`id`, `create_date`, `modify_date`, `proj_role_id`, `proj_privilege_id`) VALUES ('36', '2017-09-18 17:47:10', '2017-09-18 17:47:10', '1', '753');
INSERT INTO `t_proj_role_privilege` (`id`, `create_date`, `modify_date`, `proj_role_id`, `proj_privilege_id`) VALUES ('37', '2017-09-18 17:47:10', '2017-09-18 17:47:10', '1', '754');
INSERT INTO `t_proj_role_privilege` (`id`, `create_date`, `modify_date`, `proj_role_id`, `proj_privilege_id`) VALUES ('38', '2017-09-18 17:47:10', '2017-09-18 17:47:10', '1', '755');
INSERT INTO `t_proj_role_privilege` (`id`, `create_date`, `modify_date`, `proj_role_id`, `proj_privilege_id`) VALUES ('39', '2017-09-18 17:47:10', '2017-09-18 17:47:10', '1', '801');
INSERT INTO `t_proj_role_privilege` (`id`, `create_date`, `modify_date`, `proj_role_id`, `proj_privilege_id`) VALUES ('40', '2017-09-18 17:47:10', '2017-09-18 17:47:10', '1', '802');
INSERT INTO `t_proj_role_privilege` (`id`, `create_date`, `modify_date`, `proj_role_id`, `proj_privilege_id`) VALUES ('41', '2017-09-18 17:47:34', '2017-09-18 17:47:34', '2', '451');
INSERT INTO `t_proj_role_privilege` (`id`, `create_date`, `modify_date`, `proj_role_id`, `proj_privilege_id`) VALUES ('42', '2017-09-18 17:47:34', '2017-09-18 17:47:34', '2', '701');
INSERT INTO `t_proj_role_privilege` (`id`, `create_date`, `modify_date`, `proj_role_id`, `proj_privilege_id`) VALUES ('43', '2017-09-18 17:47:34', '2017-09-18 17:47:34', '2', '709');
INSERT INTO `t_proj_role_privilege` (`id`, `create_date`, `modify_date`, `proj_role_id`, `proj_privilege_id`) VALUES ('44', '2017-09-18 17:47:34', '2017-09-18 17:47:34', '2', '712');
INSERT INTO `t_proj_role_privilege` (`id`, `create_date`, `modify_date`, `proj_role_id`, `proj_privilege_id`) VALUES ('45', '2017-09-18 17:47:34', '2017-09-18 17:47:34', '2', '751');
INSERT INTO `t_proj_role_privilege` (`id`, `create_date`, `modify_date`, `proj_role_id`, `proj_privilege_id`) VALUES ('46', '2017-09-18 17:48:06', '2017-09-18 17:48:06', '3', '451');
INSERT INTO `t_proj_role_privilege` (`id`, `create_date`, `modify_date`, `proj_role_id`, `proj_privilege_id`) VALUES ('47', '2017-09-18 17:48:06', '2017-09-18 17:48:06', '3', '551');
INSERT INTO `t_proj_role_privilege` (`id`, `create_date`, `modify_date`, `proj_role_id`, `proj_privilege_id`) VALUES ('48', '2017-09-18 17:48:06', '2017-09-18 17:48:06', '3', '701');
INSERT INTO `t_proj_role_privilege` (`id`, `create_date`, `modify_date`, `proj_role_id`, `proj_privilege_id`) VALUES ('49', '2017-09-18 17:48:06', '2017-09-18 17:48:06', '3', '709');
INSERT INTO `t_proj_role_privilege` (`id`, `create_date`, `modify_date`, `proj_role_id`, `proj_privilege_id`) VALUES ('50', '2017-09-18 17:48:06', '2017-09-18 17:48:06', '3', '712');
INSERT INTO `t_proj_role_privilege` (`id`, `create_date`, `modify_date`, `proj_role_id`, `proj_privilege_id`) VALUES ('51', '2017-09-18 17:48:06', '2017-09-18 17:48:06', '3', '751');

-- alter table t_proj_mem drop column role;


